match_number,season,city,venue,gender,umpires,winner,player_of_match,match_type,toss_winner,toss_decision,teams,team,over,ballno,batter,bowler,non_striker,runs_batter,runs_extras,legbyes,wides,noballs,byes,kind,player_out,fielders,runs_total
2,2007/08,Chandigarh,"Punjab Cricket Association Stadium, Mohali",male,"MR Benson,SL Shastri",Chennai Super Kings,MEK Hussey,T20,Chennai Super Kings,bat,"Kings XI Punjab,Chennai Super Kings",Chennai Super Kings,1,1,PA Patel,B Lee,ML Hayden,0,0,0,0,0,0,-,-,,0
2,2007/08,Chandigarh,"Punjab Cricket Association Stadium, Mohali",male,"MR Benson,SL Shastri",Chennai Super Kings,MEK Hussey,T20,Chennai Super Kings,bat,"Kings XI Punjab,Chennai Super Kings",Chennai Super Kings,1,2,PA Patel,B Lee,ML Hayden,0,0,0,0,0,0,-,-,,0
2,2007/08,Chandigarh,"Punjab Cricket Association Stadium, Mohali",male,"MR Benson,SL Shastri",Chennai Super Kings,MEK Hussey,T20,Chennai Super Kings,bat,"Kings XI Punjab,Chennai Super Kings",Chennai Super Kings,1,3,PA Patel,B Lee,ML Hayden,1,0,0,0,0,0,-,-,,1
2,2007/08,Chandigarh,"Punjab Cricket Association Stadium, Mohali",male,"MR Benson,SL Shastri",Chennai Super Kings,MEK Hussey,T20,Chennai Super Kings,bat,"Kings XI Punjab,Chennai Super Kings",Chennai Super Kings,1,4,ML Hayden,B Lee,PA Patel,0,0,0,0,0,0,-,-,,0
2,2007/08,Chandigarh,"Punjab Cricket Association Stadium, Mohali",male,"MR Benson,SL Shastri",Chennai Super Kings,MEK Hussey,T20,Chennai Super Kings,bat,"Kings XI Punjab,Chennai Super Kings",Chennai Super Kings,1,5,ML Hayden,B Lee,PA Patel,4,0,0,0,0,0,-,-,,4
2,2007/08,Chandigarh,"Punjab Cricket Association Stadium, Mohali",male,"MR Benson,SL Shastri",Chennai Super Kings,MEK Hussey,T20,Chennai Super Kings,bat,"Kings XI Punjab,Chennai Super Kings",Chennai Super Kings,1,6,ML Hayden,B Lee,PA Patel,0,0,0,0,0,0,-,-,,0
2,2007/08,Chandigarh,"Punjab Cricket Association Stadium, Mohali",male,"MR Benson,SL Shastri",Chennai Super Kings,MEK Hussey,T20,Chennai Super Kings,bat,"Kings XI Punjab,Chennai Super Kings",Chennai Super Kings,2,1,PA Patel,S Sreesanth,ML Hayden,4,0,0,0,0,0,-,-,,4
2,2007/08,Chandigarh,"Punjab Cricket Association Stadium, Mohali",male,"MR Benson,SL Shastri",Chennai Super Kings,MEK Hussey,T20,Chennai Super Kings,bat,"Kings XI Punjab,Chennai Super Kings",Chennai Super Kings,2,2,PA Patel,S Sreesanth,ML Hayden,4,0,0,0,0,0,-,-,,4
2,2007/08,Chandigarh,"Punjab Cricket Association Stadium, Mohali",male,"MR Benson,SL Shastri",Chennai Super Kings,MEK Hussey,T20,Chennai Super Kings,bat,"Kings XI Punjab,Chennai Super Kings",Chennai Super Kings,2,3,PA Patel,S Sreesanth,ML Hayden,4,0,0,0,0,0,-,-,,4
2,2007/08,Chandigarh,"Punjab Cricket Association Stadium, Mohali",male,"MR Benson,SL Shastri",Chennai Super Kings,MEK Hussey,T20,Chennai Super Kings,bat,"Kings XI Punjab,Chennai Super Kings",Chennai Super Kings,2,4,PA Patel,S Sreesanth,ML Hayden,2,0,0,0,0,0,-,-,,2
2,2007/08,Chandigarh,"Punjab Cricket Association Stadium, Mohali",male,"MR Benson,SL Shastri",Chennai Super Kings,MEK Hussey,T20,Chennai Super Kings,bat,"Kings XI Punjab,Chennai Super Kings",Chennai Super Kings,2,5,PA Patel,S Sreesanth,ML Hayden,0,1,0,1,0,0,-,-,,1
2,2007/08,Chandigarh,"Punjab Cricket Association Stadium, Mohali",male,"MR Benson,SL Shastri",Chennai Super Kings,MEK Hussey,T20,Chennai Super Kings,bat,"Kings XI Punjab,Chennai Super Kings",Chennai Super Kings,2,6,PA Patel,S Sreesanth,ML Hayden,0,0,0,0,0,0,-,-,,0
2,2007/08,Chandigarh,"Punjab Cricket Association Stadium, Mohali",male,"MR Benson,SL Shastri",Chennai Super Kings,MEK Hussey,T20,Chennai Super Kings,bat,"Kings XI Punjab,Chennai Super Kings",Chennai Super Kings,3,1,PA Patel,S Sreesanth,ML Hayden,0,0,0,0,0,0,-,-,,0
2,2007/08,Chandigarh,"Punjab Cricket Association Stadium, Mohali",male,"MR Benson,SL Shastri",Chennai Super Kings,MEK Hussey,T20,Chennai Super Kings,bat,"Kings XI Punjab,Chennai Super Kings",Chennai Super Kings,3,2,ML Hayden,B Lee,PA Patel,0,0,0,0,0,0,-,-,,0
2,2007/08,Chandigarh,"Punjab Cricket Association Stadium, Mohali",male,"MR Benson,SL Shastri",Chennai Super Kings,MEK Hussey,T20,Chennai Super Kings,bat,"Kings XI Punjab,Chennai Super Kings",Chennai Super Kings,3,3,ML Hayden,B Lee,PA Patel,4,1,0,0,1,0,-,-,,5
2,2007/08,Chandigarh,"Punjab Cricket Association Stadium, Mohali",male,"MR Benson,SL Shastri",Chennai Super Kings,MEK Hussey,T20,Chennai Super Kings,bat,"Kings XI Punjab,Chennai Super Kings",Chennai Super Kings,3,4,ML Hayden,B Lee,PA Patel,0,0,0,0,0,0,-,-,,0
2,2007/08,Chandigarh,"Punjab Cricket Association Stadium, Mohali",male,"MR Benson,SL Shastri",Chennai Super Kings,MEK Hussey,T20,Chennai Super Kings,bat,"Kings XI Punjab,Chennai Super Kings",Chennai Super Kings,3,5,ML Hayden,B Lee,PA Patel,1,0,0,0,0,0,-,-,,1
2,2007/08,Chandigarh,"Punjab Cricket Association Stadium, Mohali",male,"MR Benson,SL Shastri",Chennai Super Kings,MEK Hussey,T20,Chennai Super Kings,bat,"Kings XI Punjab,Chennai Super Kings",Chennai Super Kings,3,6,PA Patel,B Lee,ML Hayden,0,0,0,0,0,0,caught,PA Patel,KC Sangakkara,0
2,2007/08,Chandigarh,"Punjab Cricket Association Stadium, Mohali",male,"MR Benson,SL Shastri",Chennai Super Kings,MEK Hussey,T20,Chennai Super Kings,bat,"Kings XI Punjab,Chennai Super Kings",Chennai Super Kings,4,1,MEK Hussey,B Lee,ML Hayden,1,0,0,0,0,0,-,-,,1
2,2007/08,Chandigarh,"Punjab Cricket Association Stadium, Mohali",male,"MR Benson,SL Shastri",Chennai Super Kings,MEK Hussey,T20,Chennai Super Kings,bat,"Kings XI Punjab,Chennai Super Kings",Chennai Super Kings,4,2,ML Hayden,B Lee,MEK Hussey,0,0,0,0,0,0,-,-,,0
2,2007/08,Chandigarh,"Punjab Cricket Association Stadium, Mohali",male,"MR Benson,SL Shastri",Chennai Super Kings,MEK Hussey,T20,Chennai Super Kings,bat,"Kings XI Punjab,Chennai Super Kings",Chennai Super Kings,4,3,MEK Hussey,S Sreesanth,ML Hayden,0,0,0,0,0,0,-,-,,0
2,2007/08,Chandigarh,"Punjab Cricket Association Stadium, Mohali",male,"MR Benson,SL Shastri",Chennai Super Kings,MEK Hussey,T20,Chennai Super Kings,bat,"Kings XI Punjab,Chennai Super Kings",Chennai Super Kings,4,4,MEK Hussey,S Sreesanth,ML Hayden,0,0,0,0,0,0,-,-,,0
2,2007/08,Chandigarh,"Punjab Cricket Association Stadium, Mohali",male,"MR Benson,SL Shastri",Chennai Super Kings,MEK Hussey,T20,Chennai Super Kings,bat,"Kings XI Punjab,Chennai Super Kings",Chennai Super Kings,4,5,MEK Hussey,S Sreesanth,ML Hayden,1,0,0,0,0,0,-,-,,1
2,2007/08,Chandigarh,"Punjab Cricket Association Stadium, Mohali",male,"MR Benson,SL Shastri",Chennai Super Kings,MEK Hussey,T20,Chennai Super Kings,bat,"Kings XI Punjab,Chennai Super Kings",Chennai Super Kings,4,6,ML Hayden,S Sreesanth,MEK Hussey,1,0,0,0,0,0,-,-,,1
2,2007/08,Chandigarh,"Punjab Cricket Association Stadium, Mohali",male,"MR Benson,SL Shastri",Chennai Super Kings,MEK Hussey,T20,Chennai Super Kings,bat,"Kings XI Punjab,Chennai Super Kings",Chennai Super Kings,5,1,MEK Hussey,S Sreesanth,ML Hayden,0,0,0,0,0,0,-,-,,0
2,2007/08,Chandigarh,"Punjab Cricket Association Stadium, Mohali",male,"MR Benson,SL Shastri",Chennai Super Kings,MEK Hussey,T20,Chennai Super Kings,bat,"Kings XI Punjab,Chennai Super Kings",Chennai Super Kings,5,2,MEK Hussey,S Sreesanth,ML Hayden,4,0,0,0,0,0,-,-,,4
2,2007/08,Chandigarh,"Punjab Cricket Association Stadium, Mohali",male,"MR Benson,SL Shastri",Chennai Super Kings,MEK Hussey,T20,Chennai Super Kings,bat,"Kings XI Punjab,Chennai Super Kings",Chennai Super Kings,5,3,ML Hayden,B Lee,MEK Hussey,0,0,0,0,0,0,-,-,,0
2,2007/08,Chandigarh,"Punjab Cricket Association Stadium, Mohali",male,"MR Benson,SL Shastri",Chennai Super Kings,MEK Hussey,T20,Chennai Super Kings,bat,"Kings XI Punjab,Chennai Super Kings",Chennai Super Kings,5,4,ML Hayden,B Lee,MEK Hussey,0,1,1,0,0,0,-,-,,1
2,2007/08,Chandigarh,"Punjab Cricket Association Stadium, Mohali",male,"MR Benson,SL Shastri",Chennai Super Kings,MEK Hussey,T20,Chennai Super Kings,bat,"Kings XI Punjab,Chennai Super Kings",Chennai Super Kings,5,5,MEK Hussey,B Lee,ML Hayden,4,0,0,0,0,0,-,-,,4
2,2007/08,Chandigarh,"Punjab Cricket Association Stadium, Mohali",male,"MR Benson,SL Shastri",Chennai Super Kings,MEK Hussey,T20,Chennai Super Kings,bat,"Kings XI Punjab,Chennai Super Kings",Chennai Super Kings,5,6,MEK Hussey,B Lee,ML Hayden,4,0,0,0,0,0,-,-,,4
2,2007/08,Chandigarh,"Punjab Cricket Association Stadium, Mohali",male,"MR Benson,SL Shastri",Chennai Super Kings,MEK Hussey,T20,Chennai Super Kings,bat,"Kings XI Punjab,Chennai Super Kings",Chennai Super Kings,6,1,MEK Hussey,B Lee,ML Hayden,0,0,0,0,0,0,-,-,,0
2,2007/08,Chandigarh,"Punjab Cricket Association Stadium, Mohali",male,"MR Benson,SL Shastri",Chennai Super Kings,MEK Hussey,T20,Chennai Super Kings,bat,"Kings XI Punjab,Chennai Super Kings",Chennai Super Kings,6,2,MEK Hussey,B Lee,ML Hayden,0,0,0,0,0,0,-,-,,0
2,2007/08,Chandigarh,"Punjab Cricket Association Stadium, Mohali",male,"MR Benson,SL Shastri",Chennai Super Kings,MEK Hussey,T20,Chennai Super Kings,bat,"Kings XI Punjab,Chennai Super Kings",Chennai Super Kings,6,3,ML Hayden,JR Hopes,MEK Hussey,4,0,0,0,0,0,-,-,,4
2,2007/08,Chandigarh,"Punjab Cricket Association Stadium, Mohali",male,"MR Benson,SL Shastri",Chennai Super Kings,MEK Hussey,T20,Chennai Super Kings,bat,"Kings XI Punjab,Chennai Super Kings",Chennai Super Kings,6,4,ML Hayden,JR Hopes,MEK Hussey,6,0,0,0,0,0,-,-,,6
2,2007/08,Chandigarh,"Punjab Cricket Association Stadium, Mohali",male,"MR Benson,SL Shastri",Chennai Super Kings,MEK Hussey,T20,Chennai Super Kings,bat,"Kings XI Punjab,Chennai Super Kings",Chennai Super Kings,6,5,ML Hayden,JR Hopes,MEK Hussey,0,0,0,0,0,0,-,-,,0
2,2007/08,Chandigarh,"Punjab Cricket Association Stadium, Mohali",male,"MR Benson,SL Shastri",Chennai Super Kings,MEK Hussey,T20,Chennai Super Kings,bat,"Kings XI Punjab,Chennai Super Kings",Chennai Super Kings,6,6,ML Hayden,JR Hopes,MEK Hussey,1,0,0,0,0,0,-,-,,1
2,2007/08,Chandigarh,"Punjab Cricket Association Stadium, Mohali",male,"MR Benson,SL Shastri",Chennai Super Kings,MEK Hussey,T20,Chennai Super Kings,bat,"Kings XI Punjab,Chennai Super Kings",Chennai Super Kings,7,1,MEK Hussey,JR Hopes,ML Hayden,0,0,0,0,0,0,-,-,,0
2,2007/08,Chandigarh,"Punjab Cricket Association Stadium, Mohali",male,"MR Benson,SL Shastri",Chennai Super Kings,MEK Hussey,T20,Chennai Super Kings,bat,"Kings XI Punjab,Chennai Super Kings",Chennai Super Kings,7,2,MEK Hussey,JR Hopes,ML Hayden,0,0,0,0,0,0,-,-,,0
2,2007/08,Chandigarh,"Punjab Cricket Association Stadium, Mohali",male,"MR Benson,SL Shastri",Chennai Super Kings,MEK Hussey,T20,Chennai Super Kings,bat,"Kings XI Punjab,Chennai Super Kings",Chennai Super Kings,7,3,ML Hayden,IK Pathan,MEK Hussey,4,0,0,0,0,0,-,-,,4
2,2007/08,Chandigarh,"Punjab Cricket Association Stadium, Mohali",male,"MR Benson,SL Shastri",Chennai Super Kings,MEK Hussey,T20,Chennai Super Kings,bat,"Kings XI Punjab,Chennai Super Kings",Chennai Super Kings,7,4,ML Hayden,IK Pathan,MEK Hussey,0,0,0,0,0,0,bowled,ML Hayden,,0
2,2007/08,Chandigarh,"Punjab Cricket Association Stadium, Mohali",male,"MR Benson,SL Shastri",Chennai Super Kings,MEK Hussey,T20,Chennai Super Kings,bat,"Kings XI Punjab,Chennai Super Kings",Chennai Super Kings,7,5,MS Dhoni,IK Pathan,MEK Hussey,1,0,0,0,0,0,-,-,,1
2,2007/08,Chandigarh,"Punjab Cricket Association Stadium, Mohali",male,"MR Benson,SL Shastri",Chennai Super Kings,MEK Hussey,T20,Chennai Super Kings,bat,"Kings XI Punjab,Chennai Super Kings",Chennai Super Kings,7,6,MEK Hussey,IK Pathan,MS Dhoni,2,0,0,0,0,0,-,-,,2
2,2007/08,Chandigarh,"Punjab Cricket Association Stadium, Mohali",male,"MR Benson,SL Shastri",Chennai Super Kings,MEK Hussey,T20,Chennai Super Kings,bat,"Kings XI Punjab,Chennai Super Kings",Chennai Super Kings,8,1,MEK Hussey,IK Pathan,MS Dhoni,1,0,0,0,0,0,-,-,,1
2,2007/08,Chandigarh,"Punjab Cricket Association Stadium, Mohali",male,"MR Benson,SL Shastri",Chennai Super Kings,MEK Hussey,T20,Chennai Super Kings,bat,"Kings XI Punjab,Chennai Super Kings",Chennai Super Kings,8,2,MS Dhoni,IK Pathan,MEK Hussey,1,0,0,0,0,0,-,-,,1
2,2007/08,Chandigarh,"Punjab Cricket Association Stadium, Mohali",male,"MR Benson,SL Shastri",Chennai Super Kings,MEK Hussey,T20,Chennai Super Kings,bat,"Kings XI Punjab,Chennai Super Kings",Chennai Super Kings,8,3,MS Dhoni,JR Hopes,MEK Hussey,0,0,0,0,0,0,lbw,MS Dhoni,,0
2,2007/08,Chandigarh,"Punjab Cricket Association Stadium, Mohali",male,"MR Benson,SL Shastri",Chennai Super Kings,MEK Hussey,T20,Chennai Super Kings,bat,"Kings XI Punjab,Chennai Super Kings",Chennai Super Kings,8,4,SK Raina,JR Hopes,MEK Hussey,1,0,0,0,0,0,-,-,,1
2,2007/08,Chandigarh,"Punjab Cricket Association Stadium, Mohali",male,"MR Benson,SL Shastri",Chennai Super Kings,MEK Hussey,T20,Chennai Super Kings,bat,"Kings XI Punjab,Chennai Super Kings",Chennai Super Kings,8,5,MEK Hussey,JR Hopes,SK Raina,0,0,0,0,0,0,-,-,,0
2,2007/08,Chandigarh,"Punjab Cricket Association Stadium, Mohali",male,"MR Benson,SL Shastri",Chennai Super Kings,MEK Hussey,T20,Chennai Super Kings,bat,"Kings XI Punjab,Chennai Super Kings",Chennai Super Kings,8,6,MEK Hussey,JR Hopes,SK Raina,1,0,0,0,0,0,-,-,,1
2,2007/08,Chandigarh,"Punjab Cricket Association Stadium, Mohali",male,"MR Benson,SL Shastri",Chennai Super Kings,MEK Hussey,T20,Chennai Super Kings,bat,"Kings XI Punjab,Chennai Super Kings",Chennai Super Kings,9,1,SK Raina,JR Hopes,MEK Hussey,6,0,0,0,0,0,-,-,,6
2,2007/08,Chandigarh,"Punjab Cricket Association Stadium, Mohali",male,"MR Benson,SL Shastri",Chennai Super Kings,MEK Hussey,T20,Chennai Super Kings,bat,"Kings XI Punjab,Chennai Super Kings",Chennai Super Kings,9,2,SK Raina,JR Hopes,MEK Hussey,0,0,0,0,0,0,-,-,,0
2,2007/08,Chandigarh,"Punjab Cricket Association Stadium, Mohali",male,"MR Benson,SL Shastri",Chennai Super Kings,MEK Hussey,T20,Chennai Super Kings,bat,"Kings XI Punjab,Chennai Super Kings",Chennai Super Kings,9,3,MEK Hussey,IK Pathan,SK Raina,1,0,0,0,0,0,-,-,,1
2,2007/08,Chandigarh,"Punjab Cricket Association Stadium, Mohali",male,"MR Benson,SL Shastri",Chennai Super Kings,MEK Hussey,T20,Chennai Super Kings,bat,"Kings XI Punjab,Chennai Super Kings",Chennai Super Kings,9,4,SK Raina,IK Pathan,MEK Hussey,4,0,0,0,0,0,-,-,,4
2,2007/08,Chandigarh,"Punjab Cricket Association Stadium, Mohali",male,"MR Benson,SL Shastri",Chennai Super Kings,MEK Hussey,T20,Chennai Super Kings,bat,"Kings XI Punjab,Chennai Super Kings",Chennai Super Kings,9,5,SK Raina,IK Pathan,MEK Hussey,1,0,0,0,0,0,-,-,,1
2,2007/08,Chandigarh,"Punjab Cricket Association Stadium, Mohali",male,"MR Benson,SL Shastri",Chennai Super Kings,MEK Hussey,T20,Chennai Super Kings,bat,"Kings XI Punjab,Chennai Super Kings",Chennai Super Kings,9,6,MEK Hussey,IK Pathan,SK Raina,0,0,0,0,0,0,-,-,,0
2,2007/08,Chandigarh,"Punjab Cricket Association Stadium, Mohali",male,"MR Benson,SL Shastri",Chennai Super Kings,MEK Hussey,T20,Chennai Super Kings,bat,"Kings XI Punjab,Chennai Super Kings",Chennai Super Kings,10,1,MEK Hussey,IK Pathan,SK Raina,6,0,0,0,0,0,-,-,,6
2,2007/08,Chandigarh,"Punjab Cricket Association Stadium, Mohali",male,"MR Benson,SL Shastri",Chennai Super Kings,MEK Hussey,T20,Chennai Super Kings,bat,"Kings XI Punjab,Chennai Super Kings",Chennai Super Kings,10,2,MEK Hussey,IK Pathan,SK Raina,1,0,0,0,0,0,-,-,,1
2,2007/08,Chandigarh,"Punjab Cricket Association Stadium, Mohali",male,"MR Benson,SL Shastri",Chennai Super Kings,MEK Hussey,T20,Chennai Super Kings,bat,"Kings XI Punjab,Chennai Super Kings",Chennai Super Kings,10,3,MEK Hussey,K Goel,SK Raina,2,0,0,0,0,0,-,-,,2
2,2007/08,Chandigarh,"Punjab Cricket Association Stadium, Mohali",male,"MR Benson,SL Shastri",Chennai Super Kings,MEK Hussey,T20,Chennai Super Kings,bat,"Kings XI Punjab,Chennai Super Kings",Chennai Super Kings,10,4,MEK Hussey,K Goel,SK Raina,1,0,0,0,0,0,-,-,,1
2,2007/08,Chandigarh,"Punjab Cricket Association Stadium, Mohali",male,"MR Benson,SL Shastri",Chennai Super Kings,MEK Hussey,T20,Chennai Super Kings,bat,"Kings XI Punjab,Chennai Super Kings",Chennai Super Kings,10,5,SK Raina,K Goel,MEK Hussey,1,0,0,0,0,0,-,-,,1
2,2007/08,Chandigarh,"Punjab Cricket Association Stadium, Mohali",male,"MR Benson,SL Shastri",Chennai Super Kings,MEK Hussey,T20,Chennai Super Kings,bat,"Kings XI Punjab,Chennai Super Kings",Chennai Super Kings,10,6,MEK Hussey,K Goel,SK Raina,0,0,0,0,0,0,-,-,,0
2,2007/08,Chandigarh,"Punjab Cricket Association Stadium, Mohali",male,"MR Benson,SL Shastri",Chennai Super Kings,MEK Hussey,T20,Chennai Super Kings,bat,"Kings XI Punjab,Chennai Super Kings",Chennai Super Kings,11,1,MEK Hussey,K Goel,SK Raina,0,0,0,0,0,0,-,-,,0
2,2007/08,Chandigarh,"Punjab Cricket Association Stadium, Mohali",male,"MR Benson,SL Shastri",Chennai Super Kings,MEK Hussey,T20,Chennai Super Kings,bat,"Kings XI Punjab,Chennai Super Kings",Chennai Super Kings,11,2,MEK Hussey,K Goel,SK Raina,1,0,0,0,0,0,-,-,,1
2,2007/08,Chandigarh,"Punjab Cricket Association Stadium, Mohali",male,"MR Benson,SL Shastri",Chennai Super Kings,MEK Hussey,T20,Chennai Super Kings,bat,"Kings XI Punjab,Chennai Super Kings",Chennai Super Kings,11,3,MEK Hussey,PP Chawla,SK Raina,6,0,0,0,0,0,-,-,,6
2,2007/08,Chandigarh,"Punjab Cricket Association Stadium, Mohali",male,"MR Benson,SL Shastri",Chennai Super Kings,MEK Hussey,T20,Chennai Super Kings,bat,"Kings XI Punjab,Chennai Super Kings",Chennai Super Kings,11,4,MEK Hussey,PP Chawla,SK Raina,1,0,0,0,0,0,-,-,,1
2,2007/08,Chandigarh,"Punjab Cricket Association Stadium, Mohali",male,"MR Benson,SL Shastri",Chennai Super Kings,MEK Hussey,T20,Chennai Super Kings,bat,"Kings XI Punjab,Chennai Super Kings",Chennai Super Kings,11,5,SK Raina,PP Chawla,MEK Hussey,2,0,0,0,0,0,-,-,,2
2,2007/08,Chandigarh,"Punjab Cricket Association Stadium, Mohali",male,"MR Benson,SL Shastri",Chennai Super Kings,MEK Hussey,T20,Chennai Super Kings,bat,"Kings XI Punjab,Chennai Super Kings",Chennai Super Kings,11,6,SK Raina,PP Chawla,MEK Hussey,0,0,0,0,0,0,-,-,,0
2,2007/08,Chandigarh,"Punjab Cricket Association Stadium, Mohali",male,"MR Benson,SL Shastri",Chennai Super Kings,MEK Hussey,T20,Chennai Super Kings,bat,"Kings XI Punjab,Chennai Super Kings",Chennai Super Kings,12,1,SK Raina,PP Chawla,MEK Hussey,6,0,0,0,0,0,-,-,,6
2,2007/08,Chandigarh,"Punjab Cricket Association Stadium, Mohali",male,"MR Benson,SL Shastri",Chennai Super Kings,MEK Hussey,T20,Chennai Super Kings,bat,"Kings XI Punjab,Chennai Super Kings",Chennai Super Kings,12,2,SK Raina,PP Chawla,MEK Hussey,4,0,0,0,0,0,-,-,,4
2,2007/08,Chandigarh,"Punjab Cricket Association Stadium, Mohali",male,"MR Benson,SL Shastri",Chennai Super Kings,MEK Hussey,T20,Chennai Super Kings,bat,"Kings XI Punjab,Chennai Super Kings",Chennai Super Kings,12,3,MEK Hussey,K Goel,SK Raina,6,0,0,0,0,0,-,-,,6
2,2007/08,Chandigarh,"Punjab Cricket Association Stadium, Mohali",male,"MR Benson,SL Shastri",Chennai Super Kings,MEK Hussey,T20,Chennai Super Kings,bat,"Kings XI Punjab,Chennai Super Kings",Chennai Super Kings,12,4,MEK Hussey,K Goel,SK Raina,4,0,0,0,0,0,-,-,,4
2,2007/08,Chandigarh,"Punjab Cricket Association Stadium, Mohali",male,"MR Benson,SL Shastri",Chennai Super Kings,MEK Hussey,T20,Chennai Super Kings,bat,"Kings XI Punjab,Chennai Super Kings",Chennai Super Kings,12,5,MEK Hussey,K Goel,SK Raina,1,0,0,0,0,0,-,-,,1
2,2007/08,Chandigarh,"Punjab Cricket Association Stadium, Mohali",male,"MR Benson,SL Shastri",Chennai Super Kings,MEK Hussey,T20,Chennai Super Kings,bat,"Kings XI Punjab,Chennai Super Kings",Chennai Super Kings,12,6,SK Raina,K Goel,MEK Hussey,6,0,0,0,0,0,-,-,,6
2,2007/08,Chandigarh,"Punjab Cricket Association Stadium, Mohali",male,"MR Benson,SL Shastri",Chennai Super Kings,MEK Hussey,T20,Chennai Super Kings,bat,"Kings XI Punjab,Chennai Super Kings",Chennai Super Kings,13,1,SK Raina,K Goel,MEK Hussey,1,0,0,0,0,0,-,-,,1
2,2007/08,Chandigarh,"Punjab Cricket Association Stadium, Mohali",male,"MR Benson,SL Shastri",Chennai Super Kings,MEK Hussey,T20,Chennai Super Kings,bat,"Kings XI Punjab,Chennai Super Kings",Chennai Super Kings,13,2,MEK Hussey,K Goel,SK Raina,2,0,0,0,0,0,-,-,,2
2,2007/08,Chandigarh,"Punjab Cricket Association Stadium, Mohali",male,"MR Benson,SL Shastri",Chennai Super Kings,MEK Hussey,T20,Chennai Super Kings,bat,"Kings XI Punjab,Chennai Super Kings",Chennai Super Kings,13,3,SK Raina,WA Mota,MEK Hussey,0,1,0,1,0,0,-,-,,1
2,2007/08,Chandigarh,"Punjab Cricket Association Stadium, Mohali",male,"MR Benson,SL Shastri",Chennai Super Kings,MEK Hussey,T20,Chennai Super Kings,bat,"Kings XI Punjab,Chennai Super Kings",Chennai Super Kings,13,4,SK Raina,WA Mota,MEK Hussey,0,0,0,0,0,0,caught,SK Raina,IK Pathan,0
2,2007/08,Chandigarh,"Punjab Cricket Association Stadium, Mohali",male,"MR Benson,SL Shastri",Chennai Super Kings,MEK Hussey,T20,Chennai Super Kings,bat,"Kings XI Punjab,Chennai Super Kings",Chennai Super Kings,13,5,MEK Hussey,WA Mota,JDP Oram,1,0,0,0,0,0,-,-,,1
2,2007/08,Chandigarh,"Punjab Cricket Association Stadium, Mohali",male,"MR Benson,SL Shastri",Chennai Super Kings,MEK Hussey,T20,Chennai Super Kings,bat,"Kings XI Punjab,Chennai Super Kings",Chennai Super Kings,13,6,JDP Oram,WA Mota,MEK Hussey,0,1,0,1,0,0,-,-,,1
2,2007/08,Chandigarh,"Punjab Cricket Association Stadium, Mohali",male,"MR Benson,SL Shastri",Chennai Super Kings,MEK Hussey,T20,Chennai Super Kings,bat,"Kings XI Punjab,Chennai Super Kings",Chennai Super Kings,14,1,JDP Oram,WA Mota,MEK Hussey,0,0,0,0,0,0,-,-,,0
2,2007/08,Chandigarh,"Punjab Cricket Association Stadium, Mohali",male,"MR Benson,SL Shastri",Chennai Super Kings,MEK Hussey,T20,Chennai Super Kings,bat,"Kings XI Punjab,Chennai Super Kings",Chennai Super Kings,14,2,JDP Oram,WA Mota,MEK Hussey,1,0,0,0,0,0,-,-,,1
2,2007/08,Chandigarh,"Punjab Cricket Association Stadium, Mohali",male,"MR Benson,SL Shastri",Chennai Super Kings,MEK Hussey,T20,Chennai Super Kings,bat,"Kings XI Punjab,Chennai Super Kings",Chennai Super Kings,14,3,MEK Hussey,WA Mota,JDP Oram,1,0,0,0,0,0,-,-,,1
2,2007/08,Chandigarh,"Punjab Cricket Association Stadium, Mohali",male,"MR Benson,SL Shastri",Chennai Super Kings,MEK Hussey,T20,Chennai Super Kings,bat,"Kings XI Punjab,Chennai Super Kings",Chennai Super Kings,14,4,JDP Oram,WA Mota,MEK Hussey,1,0,0,0,0,0,-,-,,1
2,2007/08,Chandigarh,"Punjab Cricket Association Stadium, Mohali",male,"MR Benson,SL Shastri",Chennai Super Kings,MEK Hussey,T20,Chennai Super Kings,bat,"Kings XI Punjab,Chennai Super Kings",Chennai Super Kings,14,5,JDP Oram,JR Hopes,MEK Hussey,1,0,0,0,0,0,-,-,,1
2,2007/08,Chandigarh,"Punjab Cricket Association Stadium, Mohali",male,"MR Benson,SL Shastri",Chennai Super Kings,MEK Hussey,T20,Chennai Super Kings,bat,"Kings XI Punjab,Chennai Super Kings",Chennai Super Kings,14,6,MEK Hussey,JR Hopes,JDP Oram,0,0,0,0,0,0,-,-,,0
2,2007/08,Chandigarh,"Punjab Cricket Association Stadium, Mohali",male,"MR Benson,SL Shastri",Chennai Super Kings,MEK Hussey,T20,Chennai Super Kings,bat,"Kings XI Punjab,Chennai Super Kings",Chennai Super Kings,15,1,MEK Hussey,JR Hopes,JDP Oram,1,0,0,0,0,0,-,-,,1
2,2007/08,Chandigarh,"Punjab Cricket Association Stadium, Mohali",male,"MR Benson,SL Shastri",Chennai Super Kings,MEK Hussey,T20,Chennai Super Kings,bat,"Kings XI Punjab,Chennai Super Kings",Chennai Super Kings,15,2,JDP Oram,JR Hopes,MEK Hussey,1,0,0,0,0,0,-,-,,1
2,2007/08,Chandigarh,"Punjab Cricket Association Stadium, Mohali",male,"MR Benson,SL Shastri",Chennai Super Kings,MEK Hussey,T20,Chennai Super Kings,bat,"Kings XI Punjab,Chennai Super Kings",Chennai Super Kings,15,3,MEK Hussey,JR Hopes,JDP Oram,6,0,0,0,0,0,-,-,,6
2,2007/08,Chandigarh,"Punjab Cricket Association Stadium, Mohali",male,"MR Benson,SL Shastri",Chennai Super Kings,MEK Hussey,T20,Chennai Super Kings,bat,"Kings XI Punjab,Chennai Super Kings",Chennai Super Kings,15,4,MEK Hussey,JR Hopes,JDP Oram,0,1,1,0,0,0,-,-,,1
2,2007/08,Chandigarh,"Punjab Cricket Association Stadium, Mohali",male,"MR Benson,SL Shastri",Chennai Super Kings,MEK Hussey,T20,Chennai Super Kings,bat,"Kings XI Punjab,Chennai Super Kings",Chennai Super Kings,15,5,MEK Hussey,WA Mota,JDP Oram,4,0,0,0,0,0,-,-,,4
2,2007/08,Chandigarh,"Punjab Cricket Association Stadium, Mohali",male,"MR Benson,SL Shastri",Chennai Super Kings,MEK Hussey,T20,Chennai Super Kings,bat,"Kings XI Punjab,Chennai Super Kings",Chennai Super Kings,15,6,MEK Hussey,WA Mota,JDP Oram,1,0,0,0,0,0,-,-,,1
2,2007/08,Chandigarh,"Punjab Cricket Association Stadium, Mohali",male,"MR Benson,SL Shastri",Chennai Super Kings,MEK Hussey,T20,Chennai Super Kings,bat,"Kings XI Punjab,Chennai Super Kings",Chennai Super Kings,16,1,JDP Oram,WA Mota,MEK Hussey,2,0,0,0,0,0,-,-,,2
2,2007/08,Chandigarh,"Punjab Cricket Association Stadium, Mohali",male,"MR Benson,SL Shastri",Chennai Super Kings,MEK Hussey,T20,Chennai Super Kings,bat,"Kings XI Punjab,Chennai Super Kings",Chennai Super Kings,16,2,JDP Oram,WA Mota,MEK Hussey,1,0,0,0,0,0,-,-,,1
2,2007/08,Chandigarh,"Punjab Cricket Association Stadium, Mohali",male,"MR Benson,SL Shastri",Chennai Super Kings,MEK Hussey,T20,Chennai Super Kings,bat,"Kings XI Punjab,Chennai Super Kings",Chennai Super Kings,16,3,MEK Hussey,WA Mota,JDP Oram,4,0,0,0,0,0,-,-,,4
2,2007/08,Chandigarh,"Punjab Cricket Association Stadium, Mohali",male,"MR Benson,SL Shastri",Chennai Super Kings,MEK Hussey,T20,Chennai Super Kings,bat,"Kings XI Punjab,Chennai Super Kings",Chennai Super Kings,16,4,MEK Hussey,WA Mota,JDP Oram,6,0,0,0,0,0,-,-,,6
2,2007/08,Chandigarh,"Punjab Cricket Association Stadium, Mohali",male,"MR Benson,SL Shastri",Chennai Super Kings,MEK Hussey,T20,Chennai Super Kings,bat,"Kings XI Punjab,Chennai Super Kings",Chennai Super Kings,16,5,JDP Oram,IK Pathan,MEK Hussey,6,0,0,0,0,0,-,-,,6
2,2007/08,Chandigarh,"Punjab Cricket Association Stadium, Mohali",male,"MR Benson,SL Shastri",Chennai Super Kings,MEK Hussey,T20,Chennai Super Kings,bat,"Kings XI Punjab,Chennai Super Kings",Chennai Super Kings,16,6,JDP Oram,IK Pathan,MEK Hussey,0,0,0,0,0,0,-,-,,0
2,2007/08,Chandigarh,"Punjab Cricket Association Stadium, Mohali",male,"MR Benson,SL Shastri",Chennai Super Kings,MEK Hussey,T20,Chennai Super Kings,bat,"Kings XI Punjab,Chennai Super Kings",Chennai Super Kings,17,1,JDP Oram,IK Pathan,MEK Hussey,0,0,0,0,0,0,bowled,JDP Oram,,0
2,2007/08,Chandigarh,"Punjab Cricket Association Stadium, Mohali",male,"MR Benson,SL Shastri",Chennai Super Kings,MEK Hussey,T20,Chennai Super Kings,bat,"Kings XI Punjab,Chennai Super Kings",Chennai Super Kings,17,2,S Badrinath,IK Pathan,MEK Hussey,0,0,0,0,0,0,-,-,,0
2,2007/08,Chandigarh,"Punjab Cricket Association Stadium, Mohali",male,"MR Benson,SL Shastri",Chennai Super Kings,MEK Hussey,T20,Chennai Super Kings,bat,"Kings XI Punjab,Chennai Super Kings",Chennai Super Kings,17,3,S Badrinath,IK Pathan,MEK Hussey,1,0,0,0,0,0,-,-,,1
2,2007/08,Chandigarh,"Punjab Cricket Association Stadium, Mohali",male,"MR Benson,SL Shastri",Chennai Super Kings,MEK Hussey,T20,Chennai Super Kings,bat,"Kings XI Punjab,Chennai Super Kings",Chennai Super Kings,17,4,MEK Hussey,IK Pathan,S Badrinath,1,0,0,0,0,0,-,-,,1
2,2007/08,Chandigarh,"Punjab Cricket Association Stadium, Mohali",male,"MR Benson,SL Shastri",Chennai Super Kings,MEK Hussey,T20,Chennai Super Kings,bat,"Kings XI Punjab,Chennai Super Kings",Chennai Super Kings,17,5,MEK Hussey,S Sreesanth,S Badrinath,1,0,0,0,0,0,-,-,,1
2,2007/08,Chandigarh,"Punjab Cricket Association Stadium, Mohali",male,"MR Benson,SL Shastri",Chennai Super Kings,MEK Hussey,T20,Chennai Super Kings,bat,"Kings XI Punjab,Chennai Super Kings",Chennai Super Kings,17,6,S Badrinath,S Sreesanth,MEK Hussey,1,0,0,0,0,0,-,-,,1
2,2007/08,Chandigarh,"Punjab Cricket Association Stadium, Mohali",male,"MR Benson,SL Shastri",Chennai Super Kings,MEK Hussey,T20,Chennai Super Kings,bat,"Kings XI Punjab,Chennai Super Kings",Chennai Super Kings,18,1,MEK Hussey,S Sreesanth,S Badrinath,6,0,0,0,0,0,-,-,,6
2,2007/08,Chandigarh,"Punjab Cricket Association Stadium, Mohali",male,"MR Benson,SL Shastri",Chennai Super Kings,MEK Hussey,T20,Chennai Super Kings,bat,"Kings XI Punjab,Chennai Super Kings",Chennai Super Kings,18,2,MEK Hussey,S Sreesanth,S Badrinath,4,0,0,0,0,0,-,-,,4
2,2007/08,Chandigarh,"Punjab Cricket Association Stadium, Mohali",male,"MR Benson,SL Shastri",Chennai Super Kings,MEK Hussey,T20,Chennai Super Kings,bat,"Kings XI Punjab,Chennai Super Kings",Chennai Super Kings,18,3,MEK Hussey,S Sreesanth,S Badrinath,1,0,0,0,0,0,-,-,,1
2,2007/08,Chandigarh,"Punjab Cricket Association Stadium, Mohali",male,"MR Benson,SL Shastri",Chennai Super Kings,MEK Hussey,T20,Chennai Super Kings,bat,"Kings XI Punjab,Chennai Super Kings",Chennai Super Kings,18,4,S Badrinath,S Sreesanth,MEK Hussey,1,0,0,0,0,0,-,-,,1
2,2007/08,Chandigarh,"Punjab Cricket Association Stadium, Mohali",male,"MR Benson,SL Shastri",Chennai Super Kings,MEK Hussey,T20,Chennai Super Kings,bat,"Kings XI Punjab,Chennai Super Kings",Chennai Super Kings,18,5,S Badrinath,IK Pathan,MEK Hussey,0,0,0,0,0,0,-,-,,0
2,2007/08,Chandigarh,"Punjab Cricket Association Stadium, Mohali",male,"MR Benson,SL Shastri",Chennai Super Kings,MEK Hussey,T20,Chennai Super Kings,bat,"Kings XI Punjab,Chennai Super Kings",Chennai Super Kings,18,6,S Badrinath,IK Pathan,MEK Hussey,4,0,0,0,0,0,-,-,,4
2,2007/08,Chandigarh,"Punjab Cricket Association Stadium, Mohali",male,"MR Benson,SL Shastri",Chennai Super Kings,MEK Hussey,T20,Chennai Super Kings,bat,"Kings XI Punjab,Chennai Super Kings",Chennai Super Kings,19,1,S Badrinath,IK Pathan,MEK Hussey,1,0,0,0,0,0,-,-,,1
2,2007/08,Chandigarh,"Punjab Cricket Association Stadium, Mohali",male,"MR Benson,SL Shastri",Chennai Super Kings,MEK Hussey,T20,Chennai Super Kings,bat,"Kings XI Punjab,Chennai Super Kings",Chennai Super Kings,19,2,MEK Hussey,IK Pathan,S Badrinath,2,0,0,0,0,0,-,-,,2
2,2007/08,Chandigarh,"Punjab Cricket Association Stadium, Mohali",male,"MR Benson,SL Shastri",Chennai Super Kings,MEK Hussey,T20,Chennai Super Kings,bat,"Kings XI Punjab,Chennai Super Kings",Chennai Super Kings,19,3,MEK Hussey,IK Pathan,S Badrinath,6,0,0,0,0,0,-,-,,6
2,2007/08,Chandigarh,"Punjab Cricket Association Stadium, Mohali",male,"MR Benson,SL Shastri",Chennai Super Kings,MEK Hussey,T20,Chennai Super Kings,bat,"Kings XI Punjab,Chennai Super Kings",Chennai Super Kings,19,4,MEK Hussey,IK Pathan,S Badrinath,4,0,0,0,0,0,-,-,,4
2,2007/08,Chandigarh,"Punjab Cricket Association Stadium, Mohali",male,"MR Benson,SL Shastri",Chennai Super Kings,MEK Hussey,T20,Chennai Super Kings,bat,"Kings XI Punjab,Chennai Super Kings",Chennai Super Kings,19,5,S Badrinath,B Lee,MEK Hussey,4,0,0,0,0,0,-,-,,4
2,2007/08,Chandigarh,"Punjab Cricket Association Stadium, Mohali",male,"MR Benson,SL Shastri",Chennai Super Kings,MEK Hussey,T20,Chennai Super Kings,bat,"Kings XI Punjab,Chennai Super Kings",Chennai Super Kings,19,6,S Badrinath,B Lee,MEK Hussey,1,0,0,0,0,0,-,-,,1
2,2007/08,Chandigarh,"Punjab Cricket Association Stadium, Mohali",male,"MR Benson,SL Shastri",Chennai Super Kings,MEK Hussey,T20,Chennai Super Kings,bat,"Kings XI Punjab,Chennai Super Kings",Chennai Super Kings,20,1,MEK Hussey,B Lee,S Badrinath,1,0,0,0,0,0,-,-,,1
2,2007/08,Chandigarh,"Punjab Cricket Association Stadium, Mohali",male,"MR Benson,SL Shastri",Chennai Super Kings,MEK Hussey,T20,Chennai Super Kings,bat,"Kings XI Punjab,Chennai Super Kings",Chennai Super Kings,20,2,S Badrinath,B Lee,MEK Hussey,1,0,0,0,0,0,-,-,,1
2,2007/08,Chandigarh,"Punjab Cricket Association Stadium, Mohali",male,"MR Benson,SL Shastri",Chennai Super Kings,MEK Hussey,T20,Chennai Super Kings,bat,"Kings XI Punjab,Chennai Super Kings",Chennai Super Kings,20,3,MEK Hussey,B Lee,S Badrinath,6,0,0,0,0,0,-,-,,6
2,2007/08,Chandigarh,"Punjab Cricket Association Stadium, Mohali",male,"MR Benson,SL Shastri",Chennai Super Kings,MEK Hussey,T20,Chennai Super Kings,bat,"Kings XI Punjab,Chennai Super Kings",Chennai Super Kings,20,4,MEK Hussey,B Lee,S Badrinath,2,0,0,0,0,0,-,-,,2
2,2007/08,Chandigarh,"Punjab Cricket Association Stadium, Mohali",male,"MR Benson,SL Shastri",Chennai Super Kings,MEK Hussey,T20,Chennai Super Kings,bat,"Kings XI Punjab,Chennai Super Kings",Chennai Super Kings,20,5,S Badrinath,JR Hopes,MEK Hussey,6,0,0,0,0,0,-,-,,6
2,2007/08,Chandigarh,"Punjab Cricket Association Stadium, Mohali",male,"MR Benson,SL Shastri",Chennai Super Kings,MEK Hussey,T20,Chennai Super Kings,bat,"Kings XI Punjab,Chennai Super Kings",Chennai Super Kings,20,6,S Badrinath,JR Hopes,MEK Hussey,6,0,0,0,0,0,-,-,,6
2,2007/08,Chandigarh,"Punjab Cricket Association Stadium, Mohali",male,"MR Benson,SL Shastri",Chennai Super Kings,MEK Hussey,T20,Chennai Super Kings,bat,"Kings XI Punjab,Chennai Super Kings",Chennai Super Kings,1.0,1,S Badrinath,JR Hopes,MEK Hussey,4,0,0,0,0,0,-,-,,4
2,2007/08,Chandigarh,"Punjab Cricket Association Stadium, Mohali",male,"MR Benson,SL Shastri",Chennai Super Kings,MEK Hussey,T20,Chennai Super Kings,bat,"Kings XI Punjab,Chennai Super Kings",Chennai Super Kings,1.0,2,S Badrinath,JR Hopes,MEK Hussey,1,0,0,0,0,0,-,-,,1
2,2007/08,Chandigarh,"Punjab Cricket Association Stadium, Mohali",male,"MR Benson,SL Shastri",Chennai Super Kings,MEK Hussey,T20,Chennai Super Kings,bat,"Kings XI Punjab,Chennai Super Kings",Chennai Super Kings,1.0,3,MEK Hussey,JR Hopes,S Badrinath,6,0,0,0,0,0,-,-,,6
2,2007/08,Chandigarh,"Punjab Cricket Association Stadium, Mohali",male,"MR Benson,SL Shastri",Chennai Super Kings,MEK Hussey,T20,Chennai Super Kings,bat,"Kings XI Punjab,Chennai Super Kings",Chennai Super Kings,1.0,4,MEK Hussey,JR Hopes,S Badrinath,2,0,0,0,0,0,-,-,,2
2,2007/08,Chandigarh,"Punjab Cricket Association Stadium, Mohali",male,"MR Benson,SL Shastri",Chennai Super Kings,MEK Hussey,T20,Chennai Super Kings,bat,"Kings XI Punjab,Chennai Super Kings",Kings XI Punjab,1.0,5,K Goel,JDP Oram,JR Hopes,4,0,0,0,0,0,-,-,,4
2,2007/08,Chandigarh,"Punjab Cricket Association Stadium, Mohali",male,"MR Benson,SL Shastri",Chennai Super Kings,MEK Hussey,T20,Chennai Super Kings,bat,"Kings XI Punjab,Chennai Super Kings",Kings XI Punjab,1.0,6,K Goel,JDP Oram,JR Hopes,0,0,0,0,0,0,-,-,,0
2,2007/08,Chandigarh,"Punjab Cricket Association Stadium, Mohali",male,"MR Benson,SL Shastri",Chennai Super Kings,MEK Hussey,T20,Chennai Super Kings,bat,"Kings XI Punjab,Chennai Super Kings",Kings XI Punjab,2.0,1,K Goel,JDP Oram,JR Hopes,0,0,0,0,0,0,-,-,,0
2,2007/08,Chandigarh,"Punjab Cricket Association Stadium, Mohali",male,"MR Benson,SL Shastri",Chennai Super Kings,MEK Hussey,T20,Chennai Super Kings,bat,"Kings XI Punjab,Chennai Super Kings",Kings XI Punjab,2.0,2,K Goel,JDP Oram,JR Hopes,1,0,0,0,0,0,-,-,,1
2,2007/08,Chandigarh,"Punjab Cricket Association Stadium, Mohali",male,"MR Benson,SL Shastri",Chennai Super Kings,MEK Hussey,T20,Chennai Super Kings,bat,"Kings XI Punjab,Chennai Super Kings",Kings XI Punjab,2.0,3,JR Hopes,JDP Oram,K Goel,0,0,0,0,0,0,-,-,,0
2,2007/08,Chandigarh,"Punjab Cricket Association Stadium, Mohali",male,"MR Benson,SL Shastri",Chennai Super Kings,MEK Hussey,T20,Chennai Super Kings,bat,"Kings XI Punjab,Chennai Super Kings",Kings XI Punjab,2.0,4,JR Hopes,JDP Oram,K Goel,4,0,0,0,0,0,-,-,,4
2,2007/08,Chandigarh,"Punjab Cricket Association Stadium, Mohali",male,"MR Benson,SL Shastri",Chennai Super Kings,MEK Hussey,T20,Chennai Super Kings,bat,"Kings XI Punjab,Chennai Super Kings",Kings XI Punjab,2.0,5,K Goel,MS Gony,JR Hopes,1,0,0,0,0,0,-,-,,1
2,2007/08,Chandigarh,"Punjab Cricket Association Stadium, Mohali",male,"MR Benson,SL Shastri",Chennai Super Kings,MEK Hussey,T20,Chennai Super Kings,bat,"Kings XI Punjab,Chennai Super Kings",Kings XI Punjab,2.0,6,JR Hopes,MS Gony,K Goel,0,0,0,0,0,0,-,-,,0
2,2007/08,Chandigarh,"Punjab Cricket Association Stadium, Mohali",male,"MR Benson,SL Shastri",Chennai Super Kings,MEK Hussey,T20,Chennai Super Kings,bat,"Kings XI Punjab,Chennai Super Kings",Kings XI Punjab,3.0,1,JR Hopes,MS Gony,K Goel,1,0,0,0,0,0,-,-,,1
2,2007/08,Chandigarh,"Punjab Cricket Association Stadium, Mohali",male,"MR Benson,SL Shastri",Chennai Super Kings,MEK Hussey,T20,Chennai Super Kings,bat,"Kings XI Punjab,Chennai Super Kings",Kings XI Punjab,3.0,2,K Goel,MS Gony,JR Hopes,0,0,0,0,0,0,-,-,,0
2,2007/08,Chandigarh,"Punjab Cricket Association Stadium, Mohali",male,"MR Benson,SL Shastri",Chennai Super Kings,MEK Hussey,T20,Chennai Super Kings,bat,"Kings XI Punjab,Chennai Super Kings",Kings XI Punjab,3.0,3,K Goel,MS Gony,JR Hopes,4,0,0,0,0,0,-,-,,4
2,2007/08,Chandigarh,"Punjab Cricket Association Stadium, Mohali",male,"MR Benson,SL Shastri",Chennai Super Kings,MEK Hussey,T20,Chennai Super Kings,bat,"Kings XI Punjab,Chennai Super Kings",Kings XI Punjab,3.0,4,K Goel,MS Gony,JR Hopes,1,0,0,0,0,0,-,-,,1
2,2007/08,Chandigarh,"Punjab Cricket Association Stadium, Mohali",male,"MR Benson,SL Shastri",Chennai Super Kings,MEK Hussey,T20,Chennai Super Kings,bat,"Kings XI Punjab,Chennai Super Kings",Kings XI Punjab,3.0,5,K Goel,JDP Oram,JR Hopes,1,0,0,0,0,0,-,-,,1
2,2007/08,Chandigarh,"Punjab Cricket Association Stadium, Mohali",male,"MR Benson,SL Shastri",Chennai Super Kings,MEK Hussey,T20,Chennai Super Kings,bat,"Kings XI Punjab,Chennai Super Kings",Kings XI Punjab,3.0,6,JR Hopes,JDP Oram,K Goel,4,0,0,0,0,0,-,-,,4
2,2007/08,Chandigarh,"Punjab Cricket Association Stadium, Mohali",male,"MR Benson,SL Shastri",Chennai Super Kings,MEK Hussey,T20,Chennai Super Kings,bat,"Kings XI Punjab,Chennai Super Kings",Kings XI Punjab,4.0,1,JR Hopes,JDP Oram,K Goel,0,0,0,0,0,0,-,-,,0
2,2007/08,Chandigarh,"Punjab Cricket Association Stadium, Mohali",male,"MR Benson,SL Shastri",Chennai Super Kings,MEK Hussey,T20,Chennai Super Kings,bat,"Kings XI Punjab,Chennai Super Kings",Kings XI Punjab,4.0,2,JR Hopes,JDP Oram,K Goel,4,0,0,0,0,0,-,-,,4
2,2007/08,Chandigarh,"Punjab Cricket Association Stadium, Mohali",male,"MR Benson,SL Shastri",Chennai Super Kings,MEK Hussey,T20,Chennai Super Kings,bat,"Kings XI Punjab,Chennai Super Kings",Kings XI Punjab,4.0,3,JR Hopes,JDP Oram,K Goel,1,0,0,0,0,0,-,-,,1
2,2007/08,Chandigarh,"Punjab Cricket Association Stadium, Mohali",male,"MR Benson,SL Shastri",Chennai Super Kings,MEK Hussey,T20,Chennai Super Kings,bat,"Kings XI Punjab,Chennai Super Kings",Kings XI Punjab,4.0,4,K Goel,JDP Oram,JR Hopes,1,0,0,0,0,0,-,-,,1
2,2007/08,Chandigarh,"Punjab Cricket Association Stadium, Mohali",male,"MR Benson,SL Shastri",Chennai Super Kings,MEK Hussey,T20,Chennai Super Kings,bat,"Kings XI Punjab,Chennai Super Kings",Kings XI Punjab,4.0,5,K Goel,MS Gony,JR Hopes,0,0,0,0,0,0,-,-,,0
2,2007/08,Chandigarh,"Punjab Cricket Association Stadium, Mohali",male,"MR Benson,SL Shastri",Chennai Super Kings,MEK Hussey,T20,Chennai Super Kings,bat,"Kings XI Punjab,Chennai Super Kings",Kings XI Punjab,4.0,6,K Goel,MS Gony,JR Hopes,0,0,0,0,0,0,-,-,,0
2,2007/08,Chandigarh,"Punjab Cricket Association Stadium, Mohali",male,"MR Benson,SL Shastri",Chennai Super Kings,MEK Hussey,T20,Chennai Super Kings,bat,"Kings XI Punjab,Chennai Super Kings",Kings XI Punjab,5.0,1,K Goel,MS Gony,JR Hopes,1,0,0,0,0,0,-,-,,1
2,2007/08,Chandigarh,"Punjab Cricket Association Stadium, Mohali",male,"MR Benson,SL Shastri",Chennai Super Kings,MEK Hussey,T20,Chennai Super Kings,bat,"Kings XI Punjab,Chennai Super Kings",Kings XI Punjab,5.0,2,JR Hopes,MS Gony,K Goel,1,0,0,0,0,0,-,-,,1
2,2007/08,Chandigarh,"Punjab Cricket Association Stadium, Mohali",male,"MR Benson,SL Shastri",Chennai Super Kings,MEK Hussey,T20,Chennai Super Kings,bat,"Kings XI Punjab,Chennai Super Kings",Kings XI Punjab,5.0,3,K Goel,MS Gony,JR Hopes,2,0,0,0,0,0,-,-,,2
2,2007/08,Chandigarh,"Punjab Cricket Association Stadium, Mohali",male,"MR Benson,SL Shastri",Chennai Super Kings,MEK Hussey,T20,Chennai Super Kings,bat,"Kings XI Punjab,Chennai Super Kings",Kings XI Punjab,5.0,4,K Goel,MS Gony,JR Hopes,6,0,0,0,0,0,-,-,,6
2,2007/08,Chandigarh,"Punjab Cricket Association Stadium, Mohali",male,"MR Benson,SL Shastri",Chennai Super Kings,MEK Hussey,T20,Chennai Super Kings,bat,"Kings XI Punjab,Chennai Super Kings",Kings XI Punjab,5.0,5,JR Hopes,JDP Oram,K Goel,0,0,0,0,0,0,-,-,,0
2,2007/08,Chandigarh,"Punjab Cricket Association Stadium, Mohali",male,"MR Benson,SL Shastri",Chennai Super Kings,MEK Hussey,T20,Chennai Super Kings,bat,"Kings XI Punjab,Chennai Super Kings",Kings XI Punjab,5.0,6,JR Hopes,JDP Oram,K Goel,0,0,0,0,0,0,-,-,,0
2,2007/08,Chandigarh,"Punjab Cricket Association Stadium, Mohali",male,"MR Benson,SL Shastri",Chennai Super Kings,MEK Hussey,T20,Chennai Super Kings,bat,"Kings XI Punjab,Chennai Super Kings",Kings XI Punjab,6.0,1,JR Hopes,JDP Oram,K Goel,1,0,0,0,0,0,-,-,,1
2,2007/08,Chandigarh,"Punjab Cricket Association Stadium, Mohali",male,"MR Benson,SL Shastri",Chennai Super Kings,MEK Hussey,T20,Chennai Super Kings,bat,"Kings XI Punjab,Chennai Super Kings",Kings XI Punjab,6.0,2,K Goel,JDP Oram,JR Hopes,1,0,0,0,0,0,-,-,,1
2,2007/08,Chandigarh,"Punjab Cricket Association Stadium, Mohali",male,"MR Benson,SL Shastri",Chennai Super Kings,MEK Hussey,T20,Chennai Super Kings,bat,"Kings XI Punjab,Chennai Super Kings",Kings XI Punjab,6.0,3,JR Hopes,JDP Oram,K Goel,4,0,0,0,0,0,-,-,,4
2,2007/08,Chandigarh,"Punjab Cricket Association Stadium, Mohali",male,"MR Benson,SL Shastri",Chennai Super Kings,MEK Hussey,T20,Chennai Super Kings,bat,"Kings XI Punjab,Chennai Super Kings",Kings XI Punjab,6.0,4,JR Hopes,JDP Oram,K Goel,4,0,0,0,0,0,-,-,,4
2,2007/08,Chandigarh,"Punjab Cricket Association Stadium, Mohali",male,"MR Benson,SL Shastri",Chennai Super Kings,MEK Hussey,T20,Chennai Super Kings,bat,"Kings XI Punjab,Chennai Super Kings",Kings XI Punjab,6.0,5,K Goel,MS Gony,JR Hopes,1,0,0,0,0,0,-,-,,1
2,2007/08,Chandigarh,"Punjab Cricket Association Stadium, Mohali",male,"MR Benson,SL Shastri",Chennai Super Kings,MEK Hussey,T20,Chennai Super Kings,bat,"Kings XI Punjab,Chennai Super Kings",Kings XI Punjab,6.0,6,JR Hopes,MS Gony,K Goel,6,0,0,0,0,0,-,-,,6
2,2007/08,Chandigarh,"Punjab Cricket Association Stadium, Mohali",male,"MR Benson,SL Shastri",Chennai Super Kings,MEK Hussey,T20,Chennai Super Kings,bat,"Kings XI Punjab,Chennai Super Kings",Kings XI Punjab,7.0,1,JR Hopes,MS Gony,K Goel,1,0,0,0,0,0,-,-,,1
2,2007/08,Chandigarh,"Punjab Cricket Association Stadium, Mohali",male,"MR Benson,SL Shastri",Chennai Super Kings,MEK Hussey,T20,Chennai Super Kings,bat,"Kings XI Punjab,Chennai Super Kings",Kings XI Punjab,7.0,2,K Goel,MS Gony,JR Hopes,0,1,0,1,0,0,-,-,,1
2,2007/08,Chandigarh,"Punjab Cricket Association Stadium, Mohali",male,"MR Benson,SL Shastri",Chennai Super Kings,MEK Hussey,T20,Chennai Super Kings,bat,"Kings XI Punjab,Chennai Super Kings",Kings XI Punjab,7.0,3,K Goel,MS Gony,JR Hopes,0,0,0,0,0,0,-,-,,0
2,2007/08,Chandigarh,"Punjab Cricket Association Stadium, Mohali",male,"MR Benson,SL Shastri",Chennai Super Kings,MEK Hussey,T20,Chennai Super Kings,bat,"Kings XI Punjab,Chennai Super Kings",Kings XI Punjab,7.0,4,K Goel,MS Gony,JR Hopes,0,0,0,0,0,0,caught,K Goel,PA Patel,0
2,2007/08,Chandigarh,"Punjab Cricket Association Stadium, Mohali",male,"MR Benson,SL Shastri",Chennai Super Kings,MEK Hussey,T20,Chennai Super Kings,bat,"Kings XI Punjab,Chennai Super Kings",Kings XI Punjab,7.0,5,JR Hopes,MS Gony,KC Sangakkara,0,1,0,1,0,0,-,-,,1
2,2007/08,Chandigarh,"Punjab Cricket Association Stadium, Mohali",male,"MR Benson,SL Shastri",Chennai Super Kings,MEK Hussey,T20,Chennai Super Kings,bat,"Kings XI Punjab,Chennai Super Kings",Kings XI Punjab,7.0,6,JR Hopes,MS Gony,KC Sangakkara,6,0,0,0,0,0,-,-,,6
2,2007/08,Chandigarh,"Punjab Cricket Association Stadium, Mohali",male,"MR Benson,SL Shastri",Chennai Super Kings,MEK Hussey,T20,Chennai Super Kings,bat,"Kings XI Punjab,Chennai Super Kings",Kings XI Punjab,8.0,1,KC Sangakkara,M Muralitharan,JR Hopes,1,0,0,0,0,0,-,-,,1
2,2007/08,Chandigarh,"Punjab Cricket Association Stadium, Mohali",male,"MR Benson,SL Shastri",Chennai Super Kings,MEK Hussey,T20,Chennai Super Kings,bat,"Kings XI Punjab,Chennai Super Kings",Kings XI Punjab,8.0,2,JR Hopes,M Muralitharan,KC Sangakkara,1,0,0,0,0,0,-,-,,1
2,2007/08,Chandigarh,"Punjab Cricket Association Stadium, Mohali",male,"MR Benson,SL Shastri",Chennai Super Kings,MEK Hussey,T20,Chennai Super Kings,bat,"Kings XI Punjab,Chennai Super Kings",Kings XI Punjab,8.0,3,KC Sangakkara,M Muralitharan,JR Hopes,1,0,0,0,0,0,-,-,,1
2,2007/08,Chandigarh,"Punjab Cricket Association Stadium, Mohali",male,"MR Benson,SL Shastri",Chennai Super Kings,MEK Hussey,T20,Chennai Super Kings,bat,"Kings XI Punjab,Chennai Super Kings",Kings XI Punjab,8.0,4,JR Hopes,M Muralitharan,KC Sangakkara,1,0,0,0,0,0,-,-,,1
2,2007/08,Chandigarh,"Punjab Cricket Association Stadium, Mohali",male,"MR Benson,SL Shastri",Chennai Super Kings,MEK Hussey,T20,Chennai Super Kings,bat,"Kings XI Punjab,Chennai Super Kings",Kings XI Punjab,8.0,5,KC Sangakkara,M Muralitharan,JR Hopes,0,1,1,0,0,0,-,-,,1
2,2007/08,Chandigarh,"Punjab Cricket Association Stadium, Mohali",male,"MR Benson,SL Shastri",Chennai Super Kings,MEK Hussey,T20,Chennai Super Kings,bat,"Kings XI Punjab,Chennai Super Kings",Kings XI Punjab,8.0,6,JR Hopes,M Muralitharan,KC Sangakkara,1,0,0,0,0,0,-,-,,1
2,2007/08,Chandigarh,"Punjab Cricket Association Stadium, Mohali",male,"MR Benson,SL Shastri",Chennai Super Kings,MEK Hussey,T20,Chennai Super Kings,bat,"Kings XI Punjab,Chennai Super Kings",Kings XI Punjab,9.,1,JR Hopes,P Amarnath,KC Sangakkara,4,0,0,0,0,0,-,-,,4
2,2007/08,Chandigarh,"Punjab Cricket Association Stadium, Mohali",male,"MR Benson,SL Shastri",Chennai Super Kings,MEK Hussey,T20,Chennai Super Kings,bat,"Kings XI Punjab,Chennai Super Kings",Kings XI Punjab,9.,2,JR Hopes,P Amarnath,KC Sangakkara,4,0,0,0,0,0,-,-,,4
2,2007/08,Chandigarh,"Punjab Cricket Association Stadium, Mohali",male,"MR Benson,SL Shastri",Chennai Super Kings,MEK Hussey,T20,Chennai Super Kings,bat,"Kings XI Punjab,Chennai Super Kings",Kings XI Punjab,9.,3,JR Hopes,P Amarnath,KC Sangakkara,1,0,0,0,0,0,-,-,,1
2,2007/08,Chandigarh,"Punjab Cricket Association Stadium, Mohali",male,"MR Benson,SL Shastri",Chennai Super Kings,MEK Hussey,T20,Chennai Super Kings,bat,"Kings XI Punjab,Chennai Super Kings",Kings XI Punjab,9.,4,KC Sangakkara,P Amarnath,JR Hopes,1,0,0,0,0,0,-,-,,1
2,2007/08,Chandigarh,"Punjab Cricket Association Stadium, Mohali",male,"MR Benson,SL Shastri",Chennai Super Kings,MEK Hussey,T20,Chennai Super Kings,bat,"Kings XI Punjab,Chennai Super Kings",Kings XI Punjab,9.,5,JR Hopes,P Amarnath,KC Sangakkara,4,0,0,0,0,0,-,-,,4
2,2007/08,Chandigarh,"Punjab Cricket Association Stadium, Mohali",male,"MR Benson,SL Shastri",Chennai Super Kings,MEK Hussey,T20,Chennai Super Kings,bat,"Kings XI Punjab,Chennai Super Kings",Kings XI Punjab,9.,6,JR Hopes,P Amarnath,KC Sangakkara,1,0,0,0,0,0,-,-,,1
2,2007/08,Chandigarh,"Punjab Cricket Association Stadium, Mohali",male,"MR Benson,SL Shastri",Chennai Super Kings,MEK Hussey,T20,Chennai Super Kings,bat,"Kings XI Punjab,Chennai Super Kings",Kings XI Punjab,10.,1,JR Hopes,Joginder Sharma,KC Sangakkara,4,0,0,0,0,0,-,-,,4
2,2007/08,Chandigarh,"Punjab Cricket Association Stadium, Mohali",male,"MR Benson,SL Shastri",Chennai Super Kings,MEK Hussey,T20,Chennai Super Kings,bat,"Kings XI Punjab,Chennai Super Kings",Kings XI Punjab,10.,2,JR Hopes,Joginder Sharma,KC Sangakkara,4,0,0,0,0,0,-,-,,4
2,2007/08,Chandigarh,"Punjab Cricket Association Stadium, Mohali",male,"MR Benson,SL Shastri",Chennai Super Kings,MEK Hussey,T20,Chennai Super Kings,bat,"Kings XI Punjab,Chennai Super Kings",Kings XI Punjab,10.,3,JR Hopes,Joginder Sharma,KC Sangakkara,1,0,0,0,0,0,-,-,,1
2,2007/08,Chandigarh,"Punjab Cricket Association Stadium, Mohali",male,"MR Benson,SL Shastri",Chennai Super Kings,MEK Hussey,T20,Chennai Super Kings,bat,"Kings XI Punjab,Chennai Super Kings",Kings XI Punjab,10.,4,KC Sangakkara,Joginder Sharma,JR Hopes,1,0,0,0,0,0,-,-,,1
2,2007/08,Chandigarh,"Punjab Cricket Association Stadium, Mohali",male,"MR Benson,SL Shastri",Chennai Super Kings,MEK Hussey,T20,Chennai Super Kings,bat,"Kings XI Punjab,Chennai Super Kings",Kings XI Punjab,10.,5,JR Hopes,Joginder Sharma,KC Sangakkara,1,0,0,0,0,0,-,-,,1
2,2007/08,Chandigarh,"Punjab Cricket Association Stadium, Mohali",male,"MR Benson,SL Shastri",Chennai Super Kings,MEK Hussey,T20,Chennai Super Kings,bat,"Kings XI Punjab,Chennai Super Kings",Kings XI Punjab,10.,6,KC Sangakkara,Joginder Sharma,JR Hopes,0,1,0,1,0,0,-,-,,1
2,2007/08,Chandigarh,"Punjab Cricket Association Stadium, Mohali",male,"MR Benson,SL Shastri",Chennai Super Kings,MEK Hussey,T20,Chennai Super Kings,bat,"Kings XI Punjab,Chennai Super Kings",Kings XI Punjab,11.,1,KC Sangakkara,Joginder Sharma,JR Hopes,1,0,0,0,0,0,-,-,,1
2,2007/08,Chandigarh,"Punjab Cricket Association Stadium, Mohali",male,"MR Benson,SL Shastri",Chennai Super Kings,MEK Hussey,T20,Chennai Super Kings,bat,"Kings XI Punjab,Chennai Super Kings",Kings XI Punjab,11.,2,KC Sangakkara,M Muralitharan,JR Hopes,1,0,0,0,0,0,-,-,,1
2,2007/08,Chandigarh,"Punjab Cricket Association Stadium, Mohali",male,"MR Benson,SL Shastri",Chennai Super Kings,MEK Hussey,T20,Chennai Super Kings,bat,"Kings XI Punjab,Chennai Super Kings",Kings XI Punjab,11.,3,JR Hopes,M Muralitharan,KC Sangakkara,6,0,0,0,0,0,-,-,,6
2,2007/08,Chandigarh,"Punjab Cricket Association Stadium, Mohali",male,"MR Benson,SL Shastri",Chennai Super Kings,MEK Hussey,T20,Chennai Super Kings,bat,"Kings XI Punjab,Chennai Super Kings",Kings XI Punjab,11.,4,JR Hopes,M Muralitharan,KC Sangakkara,0,0,0,0,0,0,-,-,,0
2,2007/08,Chandigarh,"Punjab Cricket Association Stadium, Mohali",male,"MR Benson,SL Shastri",Chennai Super Kings,MEK Hussey,T20,Chennai Super Kings,bat,"Kings XI Punjab,Chennai Super Kings",Kings XI Punjab,11.,5,JR Hopes,M Muralitharan,KC Sangakkara,1,0,0,0,0,0,-,-,,1
2,2007/08,Chandigarh,"Punjab Cricket Association Stadium, Mohali",male,"MR Benson,SL Shastri",Chennai Super Kings,MEK Hussey,T20,Chennai Super Kings,bat,"Kings XI Punjab,Chennai Super Kings",Kings XI Punjab,11.,6,KC Sangakkara,M Muralitharan,JR Hopes,4,0,0,0,0,0,-,-,,4
2,2007/08,Chandigarh,"Punjab Cricket Association Stadium, Mohali",male,"MR Benson,SL Shastri",Chennai Super Kings,MEK Hussey,T20,Chennai Super Kings,bat,"Kings XI Punjab,Chennai Super Kings",Kings XI Punjab,12.,1,KC Sangakkara,M Muralitharan,JR Hopes,1,0,0,0,0,0,-,-,,1
2,2007/08,Chandigarh,"Punjab Cricket Association Stadium, Mohali",male,"MR Benson,SL Shastri",Chennai Super Kings,MEK Hussey,T20,Chennai Super Kings,bat,"Kings XI Punjab,Chennai Super Kings",Kings XI Punjab,12.,2,KC Sangakkara,P Amarnath,JR Hopes,1,0,0,0,0,0,-,-,,1
2,2007/08,Chandigarh,"Punjab Cricket Association Stadium, Mohali",male,"MR Benson,SL Shastri",Chennai Super Kings,MEK Hussey,T20,Chennai Super Kings,bat,"Kings XI Punjab,Chennai Super Kings",Kings XI Punjab,12.,3,JR Hopes,P Amarnath,KC Sangakkara,0,0,0,0,0,0,caught,JR Hopes,Joginder Sharma,0
2,2007/08,Chandigarh,"Punjab Cricket Association Stadium, Mohali",male,"MR Benson,SL Shastri",Chennai Super Kings,MEK Hussey,T20,Chennai Super Kings,bat,"Kings XI Punjab,Chennai Super Kings",Kings XI Punjab,12.,4,KC Sangakkara,P Amarnath,Yuvraj Singh,1,0,0,0,0,0,-,-,,1
2,2007/08,Chandigarh,"Punjab Cricket Association Stadium, Mohali",male,"MR Benson,SL Shastri",Chennai Super Kings,MEK Hussey,T20,Chennai Super Kings,bat,"Kings XI Punjab,Chennai Super Kings",Kings XI Punjab,12.,5,Yuvraj Singh,P Amarnath,KC Sangakkara,1,0,0,0,0,0,-,-,,1
2,2007/08,Chandigarh,"Punjab Cricket Association Stadium, Mohali",male,"MR Benson,SL Shastri",Chennai Super Kings,MEK Hussey,T20,Chennai Super Kings,bat,"Kings XI Punjab,Chennai Super Kings",Kings XI Punjab,12.,6,KC Sangakkara,P Amarnath,Yuvraj Singh,1,0,0,0,0,0,-,-,,1
2,2007/08,Chandigarh,"Punjab Cricket Association Stadium, Mohali",male,"MR Benson,SL Shastri",Chennai Super Kings,MEK Hussey,T20,Chennai Super Kings,bat,"Kings XI Punjab,Chennai Super Kings",Kings XI Punjab,13.,1,Yuvraj Singh,P Amarnath,KC Sangakkara,1,0,0,0,0,0,-,-,,1
2,2007/08,Chandigarh,"Punjab Cricket Association Stadium, Mohali",male,"MR Benson,SL Shastri",Chennai Super Kings,MEK Hussey,T20,Chennai Super Kings,bat,"Kings XI Punjab,Chennai Super Kings",Kings XI Punjab,13.,2,Yuvraj Singh,Joginder Sharma,KC Sangakkara,1,0,0,0,0,0,-,-,,1
2,2007/08,Chandigarh,"Punjab Cricket Association Stadium, Mohali",male,"MR Benson,SL Shastri",Chennai Super Kings,MEK Hussey,T20,Chennai Super Kings,bat,"Kings XI Punjab,Chennai Super Kings",Kings XI Punjab,13.,3,KC Sangakkara,Joginder Sharma,Yuvraj Singh,6,0,0,0,0,0,-,-,,6
2,2007/08,Chandigarh,"Punjab Cricket Association Stadium, Mohali",male,"MR Benson,SL Shastri",Chennai Super Kings,MEK Hussey,T20,Chennai Super Kings,bat,"Kings XI Punjab,Chennai Super Kings",Kings XI Punjab,13.,4,KC Sangakkara,Joginder Sharma,Yuvraj Singh,4,0,0,0,0,0,-,-,,4
2,2007/08,Chandigarh,"Punjab Cricket Association Stadium, Mohali",male,"MR Benson,SL Shastri",Chennai Super Kings,MEK Hussey,T20,Chennai Super Kings,bat,"Kings XI Punjab,Chennai Super Kings",Kings XI Punjab,13.,5,KC Sangakkara,Joginder Sharma,Yuvraj Singh,0,0,0,0,0,0,-,-,,0
2,2007/08,Chandigarh,"Punjab Cricket Association Stadium, Mohali",male,"MR Benson,SL Shastri",Chennai Super Kings,MEK Hussey,T20,Chennai Super Kings,bat,"Kings XI Punjab,Chennai Super Kings",Kings XI Punjab,13.,6,KC Sangakkara,Joginder Sharma,Yuvraj Singh,0,0,0,0,0,0,-,-,,0
2,2007/08,Chandigarh,"Punjab Cricket Association Stadium, Mohali",male,"MR Benson,SL Shastri",Chennai Super Kings,MEK Hussey,T20,Chennai Super Kings,bat,"Kings XI Punjab,Chennai Super Kings",Kings XI Punjab,14.,1,KC Sangakkara,Joginder Sharma,Yuvraj Singh,1,0,0,0,0,0,-,-,,1
2,2007/08,Chandigarh,"Punjab Cricket Association Stadium, Mohali",male,"MR Benson,SL Shastri",Chennai Super Kings,MEK Hussey,T20,Chennai Super Kings,bat,"Kings XI Punjab,Chennai Super Kings",Kings XI Punjab,14.,2,KC Sangakkara,P Amarnath,Yuvraj Singh,0,1,1,0,0,0,-,-,,1
2,2007/08,Chandigarh,"Punjab Cricket Association Stadium, Mohali",male,"MR Benson,SL Shastri",Chennai Super Kings,MEK Hussey,T20,Chennai Super Kings,bat,"Kings XI Punjab,Chennai Super Kings",Kings XI Punjab,14.,3,Yuvraj Singh,P Amarnath,KC Sangakkara,6,0,0,0,0,0,-,-,,6
2,2007/08,Chandigarh,"Punjab Cricket Association Stadium, Mohali",male,"MR Benson,SL Shastri",Chennai Super Kings,MEK Hussey,T20,Chennai Super Kings,bat,"Kings XI Punjab,Chennai Super Kings",Kings XI Punjab,14.,4,Yuvraj Singh,P Amarnath,KC Sangakkara,1,0,0,0,0,0,-,-,,1
2,2007/08,Chandigarh,"Punjab Cricket Association Stadium, Mohali",male,"MR Benson,SL Shastri",Chennai Super Kings,MEK Hussey,T20,Chennai Super Kings,bat,"Kings XI Punjab,Chennai Super Kings",Kings XI Punjab,14.,5,KC Sangakkara,P Amarnath,Yuvraj Singh,0,1,1,0,0,0,-,-,,1
2,2007/08,Chandigarh,"Punjab Cricket Association Stadium, Mohali",male,"MR Benson,SL Shastri",Chennai Super Kings,MEK Hussey,T20,Chennai Super Kings,bat,"Kings XI Punjab,Chennai Super Kings",Kings XI Punjab,14.,6,Yuvraj Singh,P Amarnath,KC Sangakkara,4,0,0,0,0,0,-,-,,4
2,2007/08,Chandigarh,"Punjab Cricket Association Stadium, Mohali",male,"MR Benson,SL Shastri",Chennai Super Kings,MEK Hussey,T20,Chennai Super Kings,bat,"Kings XI Punjab,Chennai Super Kings",Kings XI Punjab,15.,1,Yuvraj Singh,P Amarnath,KC Sangakkara,1,0,0,0,0,0,-,-,,1
2,2007/08,Chandigarh,"Punjab Cricket Association Stadium, Mohali",male,"MR Benson,SL Shastri",Chennai Super Kings,MEK Hussey,T20,Chennai Super Kings,bat,"Kings XI Punjab,Chennai Super Kings",Kings XI Punjab,15.,2,Yuvraj Singh,M Muralitharan,KC Sangakkara,1,0,0,0,0,0,-,-,,1
2,2007/08,Chandigarh,"Punjab Cricket Association Stadium, Mohali",male,"MR Benson,SL Shastri",Chennai Super Kings,MEK Hussey,T20,Chennai Super Kings,bat,"Kings XI Punjab,Chennai Super Kings",Kings XI Punjab,15.,3,KC Sangakkara,M Muralitharan,Yuvraj Singh,1,0,0,0,0,0,-,-,,1
2,2007/08,Chandigarh,"Punjab Cricket Association Stadium, Mohali",male,"MR Benson,SL Shastri",Chennai Super Kings,MEK Hussey,T20,Chennai Super Kings,bat,"Kings XI Punjab,Chennai Super Kings",Kings XI Punjab,15.,4,Yuvraj Singh,M Muralitharan,KC Sangakkara,1,0,0,0,0,0,-,-,,1
2,2007/08,Chandigarh,"Punjab Cricket Association Stadium, Mohali",male,"MR Benson,SL Shastri",Chennai Super Kings,MEK Hussey,T20,Chennai Super Kings,bat,"Kings XI Punjab,Chennai Super Kings",Kings XI Punjab,15.,5,KC Sangakkara,M Muralitharan,Yuvraj Singh,0,2,0,2,0,0,-,-,,2
2,2007/08,Chandigarh,"Punjab Cricket Association Stadium, Mohali",male,"MR Benson,SL Shastri",Chennai Super Kings,MEK Hussey,T20,Chennai Super Kings,bat,"Kings XI Punjab,Chennai Super Kings",Kings XI Punjab,15.,6,Yuvraj Singh,M Muralitharan,KC Sangakkara,6,0,0,0,0,0,-,-,,6
2,2007/08,Chandigarh,"Punjab Cricket Association Stadium, Mohali",male,"MR Benson,SL Shastri",Chennai Super Kings,MEK Hussey,T20,Chennai Super Kings,bat,"Kings XI Punjab,Chennai Super Kings",Kings XI Punjab,16.,1,Yuvraj Singh,M Muralitharan,KC Sangakkara,0,0,0,0,0,0,-,-,,0
2,2007/08,Chandigarh,"Punjab Cricket Association Stadium, Mohali",male,"MR Benson,SL Shastri",Chennai Super Kings,MEK Hussey,T20,Chennai Super Kings,bat,"Kings XI Punjab,Chennai Super Kings",Kings XI Punjab,16.,2,Yuvraj Singh,M Muralitharan,KC Sangakkara,0,0,0,0,0,0,-,-,,0
2,2007/08,Chandigarh,"Punjab Cricket Association Stadium, Mohali",male,"MR Benson,SL Shastri",Chennai Super Kings,MEK Hussey,T20,Chennai Super Kings,bat,"Kings XI Punjab,Chennai Super Kings",Kings XI Punjab,16.,3,KC Sangakkara,Joginder Sharma,Yuvraj Singh,1,0,0,0,0,0,-,-,,1
2,2007/08,Chandigarh,"Punjab Cricket Association Stadium, Mohali",male,"MR Benson,SL Shastri",Chennai Super Kings,MEK Hussey,T20,Chennai Super Kings,bat,"Kings XI Punjab,Chennai Super Kings",Kings XI Punjab,16.,4,Yuvraj Singh,Joginder Sharma,KC Sangakkara,0,0,0,0,0,0,caught,Yuvraj Singh,P Amarnath,0
2,2007/08,Chandigarh,"Punjab Cricket Association Stadium, Mohali",male,"MR Benson,SL Shastri",Chennai Super Kings,MEK Hussey,T20,Chennai Super Kings,bat,"Kings XI Punjab,Chennai Super Kings",Kings XI Punjab,16.,5,KC Sangakkara,Joginder Sharma,SM Katich,4,0,0,0,0,0,-,-,,4
2,2007/08,Chandigarh,"Punjab Cricket Association Stadium, Mohali",male,"MR Benson,SL Shastri",Chennai Super Kings,MEK Hussey,T20,Chennai Super Kings,bat,"Kings XI Punjab,Chennai Super Kings",Kings XI Punjab,16.,6,KC Sangakkara,Joginder Sharma,SM Katich,1,0,0,0,0,0,-,-,,1
2,2007/08,Chandigarh,"Punjab Cricket Association Stadium, Mohali",male,"MR Benson,SL Shastri",Chennai Super Kings,MEK Hussey,T20,Chennai Super Kings,bat,"Kings XI Punjab,Chennai Super Kings",Kings XI Punjab,17.,1,SM Katich,Joginder Sharma,KC Sangakkara,1,0,0,0,0,0,-,-,,1
2,2007/08,Chandigarh,"Punjab Cricket Association Stadium, Mohali",male,"MR Benson,SL Shastri",Chennai Super Kings,MEK Hussey,T20,Chennai Super Kings,bat,"Kings XI Punjab,Chennai Super Kings",Kings XI Punjab,17.,2,KC Sangakkara,Joginder Sharma,SM Katich,6,0,0,0,0,0,-,-,,6
2,2007/08,Chandigarh,"Punjab Cricket Association Stadium, Mohali",male,"MR Benson,SL Shastri",Chennai Super Kings,MEK Hussey,T20,Chennai Super Kings,bat,"Kings XI Punjab,Chennai Super Kings",Kings XI Punjab,17.,3,SM Katich,P Amarnath,KC Sangakkara,2,0,0,0,0,0,-,-,,2
2,2007/08,Chandigarh,"Punjab Cricket Association Stadium, Mohali",male,"MR Benson,SL Shastri",Chennai Super Kings,MEK Hussey,T20,Chennai Super Kings,bat,"Kings XI Punjab,Chennai Super Kings",Kings XI Punjab,17.,4,SM Katich,P Amarnath,KC Sangakkara,0,1,0,0,0,1,-,-,,1
2,2007/08,Chandigarh,"Punjab Cricket Association Stadium, Mohali",male,"MR Benson,SL Shastri",Chennai Super Kings,MEK Hussey,T20,Chennai Super Kings,bat,"Kings XI Punjab,Chennai Super Kings",Kings XI Punjab,17.,5,KC Sangakkara,P Amarnath,SM Katich,4,0,0,0,0,0,-,-,,4
2,2007/08,Chandigarh,"Punjab Cricket Association Stadium, Mohali",male,"MR Benson,SL Shastri",Chennai Super Kings,MEK Hussey,T20,Chennai Super Kings,bat,"Kings XI Punjab,Chennai Super Kings",Kings XI Punjab,17.,6,KC Sangakkara,P Amarnath,SM Katich,1,0,0,0,0,0,-,-,,1
2,2007/08,Chandigarh,"Punjab Cricket Association Stadium, Mohali",male,"MR Benson,SL Shastri",Chennai Super Kings,MEK Hussey,T20,Chennai Super Kings,bat,"Kings XI Punjab,Chennai Super Kings",Kings XI Punjab,18.,1,SM Katich,P Amarnath,KC Sangakkara,1,0,0,0,0,0,-,-,,1
2,2007/08,Chandigarh,"Punjab Cricket Association Stadium, Mohali",male,"MR Benson,SL Shastri",Chennai Super Kings,MEK Hussey,T20,Chennai Super Kings,bat,"Kings XI Punjab,Chennai Super Kings",Kings XI Punjab,18.,2,KC Sangakkara,P Amarnath,SM Katich,2,0,0,0,0,0,-,-,,2
2,2007/08,Chandigarh,"Punjab Cricket Association Stadium, Mohali",male,"MR Benson,SL Shastri",Chennai Super Kings,MEK Hussey,T20,Chennai Super Kings,bat,"Kings XI Punjab,Chennai Super Kings",Kings XI Punjab,18.,3,SM Katich,MS Gony,KC Sangakkara,0,1,1,0,0,0,-,-,,1
2,2007/08,Chandigarh,"Punjab Cricket Association Stadium, Mohali",male,"MR Benson,SL Shastri",Chennai Super Kings,MEK Hussey,T20,Chennai Super Kings,bat,"Kings XI Punjab,Chennai Super Kings",Kings XI Punjab,18.,4,KC Sangakkara,MS Gony,SM Katich,1,0,0,0,0,0,-,-,,1
2,2007/08,Chandigarh,"Punjab Cricket Association Stadium, Mohali",male,"MR Benson,SL Shastri",Chennai Super Kings,MEK Hussey,T20,Chennai Super Kings,bat,"Kings XI Punjab,Chennai Super Kings",Kings XI Punjab,18.,5,SM Katich,MS Gony,KC Sangakkara,1,0,0,0,0,0,-,-,,1
2,2007/08,Chandigarh,"Punjab Cricket Association Stadium, Mohali",male,"MR Benson,SL Shastri",Chennai Super Kings,MEK Hussey,T20,Chennai Super Kings,bat,"Kings XI Punjab,Chennai Super Kings",Kings XI Punjab,18.,6,KC Sangakkara,MS Gony,SM Katich,4,0,0,0,0,0,-,-,,4
2,2007/08,Chandigarh,"Punjab Cricket Association Stadium, Mohali",male,"MR Benson,SL Shastri",Chennai Super Kings,MEK Hussey,T20,Chennai Super Kings,bat,"Kings XI Punjab,Chennai Super Kings",Kings XI Punjab,19.,1,KC Sangakkara,MS Gony,SM Katich,1,0,0,0,0,0,-,-,,1
2,2007/08,Chandigarh,"Punjab Cricket Association Stadium, Mohali",male,"MR Benson,SL Shastri",Chennai Super Kings,MEK Hussey,T20,Chennai Super Kings,bat,"Kings XI Punjab,Chennai Super Kings",Kings XI Punjab,19.,2,SM Katich,MS Gony,KC Sangakkara,2,0,0,0,0,0,-,-,,2
2,2007/08,Chandigarh,"Punjab Cricket Association Stadium, Mohali",male,"MR Benson,SL Shastri",Chennai Super Kings,MEK Hussey,T20,Chennai Super Kings,bat,"Kings XI Punjab,Chennai Super Kings",Kings XI Punjab,19.,3,KC Sangakkara,M Muralitharan,SM Katich,1,0,0,0,0,0,-,-,,1
2,2007/08,Chandigarh,"Punjab Cricket Association Stadium, Mohali",male,"MR Benson,SL Shastri",Chennai Super Kings,MEK Hussey,T20,Chennai Super Kings,bat,"Kings XI Punjab,Chennai Super Kings",Kings XI Punjab,19.,4,SM Katich,M Muralitharan,KC Sangakkara,1,0,0,0,0,0,-,-,,1
2,2007/08,Chandigarh,"Punjab Cricket Association Stadium, Mohali",male,"MR Benson,SL Shastri",Chennai Super Kings,MEK Hussey,T20,Chennai Super Kings,bat,"Kings XI Punjab,Chennai Super Kings",Kings XI Punjab,19.,5,KC Sangakkara,M Muralitharan,SM Katich,2,0,0,0,0,0,-,-,,2
2,2007/08,Chandigarh,"Punjab Cricket Association Stadium, Mohali",male,"MR Benson,SL Shastri",Chennai Super Kings,MEK Hussey,T20,Chennai Super Kings,bat,"Kings XI Punjab,Chennai Super Kings",Kings XI Punjab,19.,6,KC Sangakkara,M Muralitharan,SM Katich,0,0,0,0,0,0,caught,KC Sangakkara,Joginder Sharma,0
2,2007/08,Chandigarh,"Punjab Cricket Association Stadium, Mohali",male,"MR Benson,SL Shastri",Chennai Super Kings,MEK Hussey,T20,Chennai Super Kings,bat,"Kings XI Punjab,Chennai Super Kings",Kings XI Punjab,20.,1,SM Katich,M Muralitharan,IK Pathan,0,1,0,0,0,1,-,-,,1
2,2007/08,Chandigarh,"Punjab Cricket Association Stadium, Mohali",male,"MR Benson,SL Shastri",Chennai Super Kings,MEK Hussey,T20,Chennai Super Kings,bat,"Kings XI Punjab,Chennai Super Kings",Kings XI Punjab,20.,2,IK Pathan,M Muralitharan,SM Katich,0,0,0,0,0,0,-,-,,0
2,2007/08,Chandigarh,"Punjab Cricket Association Stadium, Mohali",male,"MR Benson,SL Shastri",Chennai Super Kings,MEK Hussey,T20,Chennai Super Kings,bat,"Kings XI Punjab,Chennai Super Kings",Kings XI Punjab,20.,3,SM Katich,JDP Oram,IK Pathan,1,0,0,0,0,0,-,-,,1
2,2007/08,Chandigarh,"Punjab Cricket Association Stadium, Mohali",male,"MR Benson,SL Shastri",Chennai Super Kings,MEK Hussey,T20,Chennai Super Kings,bat,"Kings XI Punjab,Chennai Super Kings",Kings XI Punjab,20.,4,IK Pathan,JDP Oram,SM Katich,1,0,0,0,0,0,-,-,,1
2,2007/08,Chandigarh,"Punjab Cricket Association Stadium, Mohali",male,"MR Benson,SL Shastri",Chennai Super Kings,MEK Hussey,T20,Chennai Super Kings,bat,"Kings XI Punjab,Chennai Super Kings",Kings XI Punjab,20.,5,SM Katich,JDP Oram,IK Pathan,1,0,0,0,0,0,-,-,,1
2,2007/08,Chandigarh,"Punjab Cricket Association Stadium, Mohali",male,"MR Benson,SL Shastri",Chennai Super Kings,MEK Hussey,T20,Chennai Super Kings,bat,"Kings XI Punjab,Chennai Super Kings",Kings XI Punjab,20.,6,IK Pathan,JDP Oram,SM Katich,1,0,0,0,0,0,-,-,,1
2,2007/08,Chandigarh,"Punjab Cricket Association Stadium, Mohali",male,"MR Benson,SL Shastri",Chennai Super Kings,MEK Hussey,T20,Chennai Super Kings,bat,"Kings XI Punjab,Chennai Super Kings",Kings XI Punjab,21.,1,SM Katich,JDP Oram,IK Pathan,2,0,0,0,0,0,-,-,,2
2,2007/08,Chandigarh,"Punjab Cricket Association Stadium, Mohali",male,"MR Benson,SL Shastri",Chennai Super Kings,MEK Hussey,T20,Chennai Super Kings,bat,"Kings XI Punjab,Chennai Super Kings",Kings XI Punjab,21.,2,SM Katich,JDP Oram,IK Pathan,1,0,0,0,0,0,-,-,,1
2,2007/08,Chandigarh,"Punjab Cricket Association Stadium, Mohali",male,"MR Benson,SL Shastri",Chennai Super Kings,MEK Hussey,T20,Chennai Super Kings,bat,"Kings XI Punjab,Chennai Super Kings",Kings XI Punjab,21.,3,SM Katich,Joginder Sharma,IK Pathan,1,0,0,0,0,0,-,-,,1
2,2007/08,Chandigarh,"Punjab Cricket Association Stadium, Mohali",male,"MR Benson,SL Shastri",Chennai Super Kings,MEK Hussey,T20,Chennai Super Kings,bat,"Kings XI Punjab,Chennai Super Kings",Kings XI Punjab,21.,4,IK Pathan,Joginder Sharma,SM Katich,1,0,0,0,0,0,-,-,,1
2,2007/08,Chandigarh,"Punjab Cricket Association Stadium, Mohali",male,"MR Benson,SL Shastri",Chennai Super Kings,MEK Hussey,T20,Chennai Super Kings,bat,"Kings XI Punjab,Chennai Super Kings",Kings XI Punjab,21.,5,SM Katich,Joginder Sharma,IK Pathan,0,0,0,0,0,0,-,-,,0
2,2007/08,Chandigarh,"Punjab Cricket Association Stadium, Mohali",male,"MR Benson,SL Shastri",Chennai Super Kings,MEK Hussey,T20,Chennai Super Kings,bat,"Kings XI Punjab,Chennai Super Kings",Kings XI Punjab,21.,6,SM Katich,Joginder Sharma,IK Pathan,6,0,0,0,0,0,-,-,,6
2,2007/08,Chandigarh,"Punjab Cricket Association Stadium, Mohali",male,"MR Benson,SL Shastri",Chennai Super Kings,MEK Hussey,T20,Chennai Super Kings,bat,"Kings XI Punjab,Chennai Super Kings",Kings XI Punjab,22.,1,SM Katich,Joginder Sharma,IK Pathan,1,0,0,0,0,0,-,-,,1
2,2007/08,Chandigarh,"Punjab Cricket Association Stadium, Mohali",male,"MR Benson,SL Shastri",Chennai Super Kings,MEK Hussey,T20,Chennai Super Kings,bat,"Kings XI Punjab,Chennai Super Kings",Kings XI Punjab,22.,2,IK Pathan,Joginder Sharma,SM Katich,0,0,0,0,0,0,-,-,,0
